[
  {"model": "clinica.segurosalud", "pk": 1, "fields": {"nombre": "Fonasa", "descripcion": "Fondo Nacional de Salud"}},
  {"model": "clinica.segurosalud", "pk": 2, "fields": {"nombre": "Colmena", "descripcion": "Isapre Colmena"}},
  {"model": "clinica.segurosalud", "pk": 3, "fields": {"nombre": "Consalud", "descripcion": "Isapre Consalud"}},
  {"model": "clinica.segurosalud", "pk": 4, "fields": {"nombre": "Banmédica", "descripcion": "Isapre Banmédica"}},

  {"model": "clinica.especialidad", "pk": 1, "fields": {"nombre": "Medicina General", "descripcion": "Atención primaria de pacientes"}},
  {"model": "clinica.especialidad", "pk": 2, "fields": {"nombre": "Cardiología", "descripcion": "Sistema cardiovascular"}},
  {"model": "clinica.especialidad", "pk": 3, "fields": {"nombre": "Pediatría", "descripcion": "Atención de niños y adolescentes"}},
  {"model": "clinica.especialidad", "pk": 4, "fields": {"nombre": "Dermatología", "descripcion": "Enfermedades de la piel"}},
  {"model": "clinica.especialidad", "pk": 5, "fields": {"nombre": "Traumatología", "descripcion": "Sistema músculo-esquelético"}},

  {"model": "clinica.paciente", "pk": 1, "fields": {"rut": "17654789-5", "nombres": "Sebastián", "apellidos": "Epulef", "sexo": "M", "fecha_nacimiento": "2005-09-13", "seguro": 1}},
  {"model": "clinica.paciente", "pk": 2, "fields": {"rut": "18896754-2", "nombres": "Camila", "apellidos": "González", "sexo": "F", "fecha_nacimiento": "1998-04-07", "seguro": 2}},
  {"model": "clinica.paciente", "pk": 3, "fields": {"rut": "20123765-7", "nombres": "Diego", "apellidos": "Pérez", "sexo": "M", "fecha_nacimiento": "1989-02-10", "seguro": 3}},
  {"model": "clinica.paciente", "pk": 4, "fields": {"rut": "17548932-3", "nombres": "Valentina", "apellidos": "Muñoz", "sexo": "F", "fecha_nacimiento": "2001-06-25", "seguro": 4}},
  {"model": "clinica.paciente", "pk": 5, "fields": {"rut": "19234567-1", "nombres": "Benjamín", "apellidos": "Torres", "sexo": "M", "fecha_nacimiento": "1995-11-02", "seguro": 1}},

  {"model": "clinica.medico", "pk": 1, "fields": {"rut": "30500123-8", "nombres": "María", "apellidos": "Soto", "especialidad": 1, "telefono": "+56 9 85236417", "email": "maria.soto@saludvital.cl"}},
  {"model": "clinica.medico", "pk": 2, "fields": {"rut": "30500124-6", "nombres": "Andrés", "apellidos": "Vera", "especialidad": 2, "telefono": "+56 9 87456321", "email": "andres.vera@saludvital.cl"}},
  {"model": "clinica.medico", "pk": 3, "fields": {"rut": "30500125-4", "nombres": "Javiera", "apellidos": "Morales", "especialidad": 3, "telefono": "+56 9 98213456", "email": "javiera.morales@saludvital.cl"}},
  {"model": "clinica.medico", "pk": 4, "fields": {"rut": "30500126-2", "nombres": "Felipe", "apellidos": "Campos", "especialidad": 4, "telefono": "+56 9 95647812", "email": "felipe.campos@saludvital.cl"}},
  {"model": "clinica.medico", "pk": 5, "fields": {"rut": "30500127-0", "nombres": "Constanza", "apellidos": "Lagos", "especialidad": 5, "telefono": "+56 9 97452365", "email": "constanza.lagos@saludvital.cl"}},

  {"model": "clinica.medicamento", "pk": 1, "fields": {"nombre": "Paracetamol", "presentacion": "500 mg", "dosis_sugerida": "1 comprimido cada 8 horas"}},
  {"model": "clinica.medicamento", "pk": 2, "fields": {"nombre": "Ibuprofeno", "presentacion": "400 mg", "dosis_sugerida": "1 comprimido cada 12 horas"}},
  {"model": "clinica.medicamento", "pk": 3, "fields": {"nombre": "Amoxicilina", "presentacion": "500 mg", "dosis_sugerida": "1 cápsula cada 8 horas"}},
  {"model": "clinica.medicamento", "pk": 4, "fields": {"nombre": "Omeprazol", "presentacion": "20 mg", "dosis_sugerida": "1 cápsula en la mañana"}},
  {"model": "clinica.medicamento", "pk": 5, "fields": {"nombre": "Salbutamol", "presentacion": "Inhalador", "dosis_sugerida": "2 puff cada 6 horas"}},

  {"model": "clinica.consultamedica", "pk": 1, "fields": {"paciente": 1, "medico": 1, "especialidad": 1, "fecha_hora": "2025-09-10T09:00:00Z", "motivo": "Control general", "estado": "REAL"}},
  {"model": "clinica.consultamedica", "pk": 2, "fields": {"paciente": 2, "medico": 2, "especialidad": 2, "fecha_hora": "2025-09-12T11:30:00Z", "motivo": "Dolor torácico", "estado": "REAL"}},
  {"model": "clinica.consultamedica", "pk": 3, "fields": {"paciente": 3, "medico": 3, "especialidad": 3, "fecha_hora": "2025-09-15T14:00:00Z", "motivo": "Control pediátrico", "estado": "REAL"}},
  {"model": "clinica.consultamedica", "pk": 4, "fields": {"paciente": 4, "medico": 4, "especialidad": 4, "fecha_hora": "2025-09-18T16:30:00Z", "motivo": "Alergia cutánea", "estado": "REAL"}},
  {"model": "clinica.consultamedica", "pk": 5, "fields": {"paciente": 5, "medico": 5, "especialidad": 5, "fecha_hora": "2025-09-22T10:00:00Z", "motivo": "Lesión deportiva", "estado": "REAL"}},

  {"model": "clinica.tratamiento", "pk": 1, "fields": {"consulta": 1, "nombre": "Reposo relativo", "indicaciones": "Beber 2L de agua y descansar"}},
  {"model": "clinica.tratamiento", "pk": 2, "fields": {"consulta": 2, "nombre": "Kinesioterapia", "indicaciones": "Ejercicios supervisados durante 2 semanas"}},
  {"model": "clinica.tratamiento", "pk": 3, "fields": {"consulta": 3, "nombre": "Suplemento vitamínico", "indicaciones": "Consumir diario por 1 mes"}},
  {"model": "clinica.tratamiento", "pk": 4, "fields": {"consulta": 4, "nombre": "Crema dermatológica", "indicaciones": "Aplicar 2 veces al día"}},
  {"model": "clinica.tratamiento", "pk": 5, "fields": {"consulta": 5, "nombre": "Terapia física", "indicaciones": "3 sesiones semanales"}},

  {"model": "clinica.recetamedica", "pk": 1, "fields": {"consulta": 1, "fecha": "2025-09-10", "indicaciones_generales": "Control en 7 días"}},
  {"model": "clinica.recetamedica", "pk": 2, "fields": {"consulta": 2, "fecha": "2025-09-12", "indicaciones_generales": "Evitar esfuerzos físicos"}},
  {"model": "clinica.recetamedica", "pk": 3, "fields": {"consulta": 3, "fecha": "2025-09-15", "indicaciones_generales": "Mantener dieta saludable"}},
  {"model": "clinica.recetamedica", "pk": 4, "fields": {"consulta": 4, "fecha": "2025-09-18", "indicaciones_generales": "No exponerse al sol"}},
  {"model": "clinica.recetamedica", "pk": 5, "fields": {"consulta": 5, "fecha": "2025-09-22", "indicaciones_generales": "Revisar en 10 días"}},

  {"model": "clinica.recetamedicamento", "pk": 1, "fields": {"receta": 1, "medicamento": 1, "dosis": "500 mg", "frecuencia": "cada 8 horas", "duracion": "5 días"}},
  {"model": "clinica.recetamedicamento", "pk": 2, "fields": {"receta": 2, "medicamento": 2, "dosis": "400 mg", "frecuencia": "cada 12 horas", "duracion": "7 días"}},
  {"model": "clinica.recetamedicamento", "pk": 3, "fields": {"receta": 3, "medicamento": 3, "dosis": "500 mg", "frecuencia": "cada 8 horas", "duracion": "10 días"}},
  {"model": "clinica.recetamedicamento", "pk": 4, "fields": {"receta": 4, "medicamento": 4, "dosis": "20 mg", "frecuencia": "cada mañana", "duracion": "14 días"}},
  {"model": "clinica.recetamedicamento", "pk": 5, "fields": {"receta": 5, "medicamento": 5, "dosis": "2 puff", "frecuencia": "cada 6 horas", "duracion": "5 días"}}
]
